gp,year,n_attempts,mean_p,success_rate,brier,pit_loss_mean,outlap_mean
BAHRAIN,2024,501,0.000000,0.219561,0.219561,24.785810,1.188338
IMOLA,2024,248,0.000000,0.254032,0.254032,24.785810,1.188338
MONZA,2023,246,0.000000,0.252033,0.252033,24.785810,1.188338
OVERALL,ALL,995,0.000000,0.236181,0.236181,24.785810,1.188338
