gp,year,n_attempts,mean_p,success_rate,brier,pit_loss_mean,outlap_mean
BAHRAIN,2024,501,0.500000,0.219561,0.250000,25.000000,1.000000
IMOLA,2024,248,0.500000,0.254032,0.250000,25.000000,1.000000
MONZA,2023,246,0.500000,0.252033,0.250000,25.000000,1.000000
OVERALL,ALL,995,0.500000,0.236181,0.250000,25.000000,1.000000
